number_of_the_first, stacking_bases,avg_coulomb_energy,avg_vdw_energy,avg_sum_energy,percentage of frames pair was present, frames when paris was present
511,C511_G540,-10.42,0.48,-9.94,0.4, 1->3 8
511,C511_G541,2.01,-3.3,-1.29,1.0, 0->9
511,C511_G542,0.71,-0.31,0.41,1.0, 0->9
504,C504_C511,0.87,-1.95,-1.08,1.0, 0->9
507,C507_C526,0.21,-0.15,0.05,1.0, 0->9
517,G517_C536,0.28,-0.03,0.25,0.3, 0 3 5
504,C504_G544,0.58,-0.04,0.55,0.9, 0->2 4->9
511,C511_U534,-1.57,-0.37,-1.94,1.0, 0->9
504,C504_G542,1.88,-4.4,-2.52,1.0, 0->9
529,G529_G530,1.51,-0.27,1.24,1.0, 0->9
504,C504_G541,-3.2,0.35,-2.85,0.1, 3
514,C514_U516,-0.37,-0.15,-0.52,0.6, 0->1 3 5 8->9
522,C522_C536,-0.73,-0.07,-0.8,1.0, 0->9
504,C504_U534,1.29,-0.03,1.26,1.0, 0->9
516,U516_G517,0.8,-5.18,-4.38,1.0, 0->9
502,A502_G544,2.02,-5.03,-3.01,1.0, 0->9
538,G538_A539,7.4,-6.82,0.58,1.0, 0->9
506,G506_C525,-5.2,0.0,-5.2,0.2, 7->8
512,U512_C514,0.36,-0.16,0.2,1.0, 0->9
512,U512_A539,-0.84,-0.32,-1.16,0.6, 2->5 7->8
533,A533_C536,6.55,-5.26,1.29,1.0, 0->9
512,U512_C513,0.48,-3.92,-3.44,1.0, 0->9
503,C503_G542,-2.89,0.32,-2.57,0.1, 8
544,G544_C545,-6.56,-5.91,-12.47,1.0, 0->9
524,G524_C525,-5.87,-5.88,-11.74,1.0, 0->9
515,G515_G538,0.5,-0.44,0.06,1.0, 0->9
512,U512_U534,0.38,-0.2,0.18,1.0, 0->9
515,G515_G537,0.4,-6.69,-6.29,1.0, 0->9
521,G521_G537,-0.27,-0.04,-0.31,1.0, 0->9
517,G517_G530,0.46,-0.07,0.39,1.0, 0->9
510,A510_U534,1.87,-0.04,1.83,0.8, 0->3 5->7 9
522,C522_C528,7.58,-2.16,5.42,1.0, 0->9
503,C503_U508,0.26,-0.0,0.26,0.3, 3->4 7
518,C518_G529,5.97,-4.69,1.28,1.0, 0->9
507,C507_C525,4.14,-0.99,3.15,1.0, 0->9
513,C513_G540,1.14,-0.28,0.85,1.0, 0->9
530,G530_U531,0.08,-0.02,0.06,1.0, 0->9
508,U508_A510,3.85,-0.2,3.65,0.6, 3->5 7->9
543,U543_C545,0.08,-0.01,0.07,0.1, 9
520,A520_C536,5.39,-0.4,4.98,1.0, 0->9
525,C525_G527,0.42,-0.16,0.26,1.0, 0->9
523,A523_C528,1.56,-0.37,1.19,1.0, 0->9
505,G505_U534,0.38,-0.13,0.25,1.0, 0->9
527,G527_C528,-6.16,-5.78,-11.93,1.0, 0->9
533,A533_A535,8.32,-0.23,8.08,1.0, 0->9
506,G506_C507,-4.04,-5.49,-9.54,1.0, 0->9
529,G529_A533,2.1,-0.41,1.69,1.0, 0->9
516,U516_C536,2.57,-0.65,1.92,1.0, 0->9
529,G529_A535,2.3,-0.05,2.25,1.0, 0->9
522,C522_G529,0.81,-0.27,0.54,1.0, 0->9
512,U512_G541,0.48,-0.23,0.25,1.0, 0->9
518,C518_C519,0.54,-0.14,0.4,1.0, 0->9
533,A533_U534,0.87,-0.02,0.85,1.0, 0->9
512,U512_G540,1.88,-2.26,-0.39,1.0, 0->9
523,A523_A535,9.32,-0.15,9.16,1.0, 0->9
517,G517_G529,0.22,-0.11,0.11,1.0, 0->9
541,G541_G542,6.46,-6.69,-0.23,1.0, 0->9
518,C518_G530,4.31,-5.25,-0.94,1.0, 0->9
529,G529_C536,-0.0,-0.07,-0.08,1.0, 0->9
513,C513_A539,6.67,-2.8,3.86,1.0, 0->9
509,A509_U543,4.77,-0.56,4.21,1.0, 0->9
520,A520_C522,2.46,-0.15,2.31,1.0, 0->9
503,C503_C504,2.74,-3.64,-0.89,1.0, 0->9
536,C536_G537,1.13,-3.72,-2.6,1.0, 0->9
501,C501_C503,0.7,-0.12,0.58,1.0, 0->9
526,C526_C528,-0.18,-0.07,-0.26,0.8, 0->5 8->9
510,A510_C511,-0.06,-0.1,-0.16,1.0, 0->9
515,G515_G517,0.78,-0.32,0.46,0.7, 0->3 6->8
520,A520_G529,-0.45,-1.19,-1.64,1.0, 0->9
502,A502_C503,3.2,-6.32,-3.12,1.0, 0->9
523,A523_C526,-5.53,-0.52,-6.05,1.0, 0->9
519,C519_A520,1.46,-5.6,-4.13,1.0, 0->9
503,C503_G544,1.39,-0.37,1.01,1.0, 0->9
539,A539_G540,9.83,-6.46,3.37,1.0, 0->9
539,A539_G541,4.04,-0.51,3.53,1.0, 0->9
519,C519_G529,-1.55,-1.65,-3.2,1.0, 0->9
504,C504_U508,0.03,-0.0,0.02,0.2, 7->8
519,C519_G530,0.02,-0.03,-0.01,1.0, 0->9
516,U516_A520,5.43,-0.67,4.76,1.0, 0->9
507,C507_U508,1.83,-4.46,-2.63,1.0, 0->9
501,C501_G544,-8.1,0.69,-7.4,0.3, 0 6 8
505,G505_G506,7.11,-6.06,1.05,1.0, 0->9
532,A532_A533,5.3,-0.01,5.29,1.0, 0->9
500,G500_C545,-2.5,0.06,-2.44,0.1, 9
516,U516_C519,-3.95,-0.61,-4.56,1.0, 0->9
513,C513_C514,5.14,-4.21,0.93,1.0, 0->9
535,A535_C536,0.04,-0.11,-0.08,1.0, 0->9
500,G500_C501,-6.37,-6.22,-12.59,1.0, 0->9
516,U516_A533,0.08,-0.99,-0.91,1.0, 0->9
516,U516_U531,0.14,-0.13,0.02,1.0, 0->9
518,C518_C528,-0.83,-0.21,-1.04,0.7, 0 3->7 9
513,C513_U534,0.09,-0.01,0.08,0.3, 2->3 5
534,U534_A535,1.99,-0.13,1.86,1.0, 0->9
525,C525_C526,4.14,-4.34,-0.2,1.0, 0->9
542,G542_U543,0.79,-5.47,-4.68,1.0, 0->9
504,C504_G505,-0.04,-0.02,-0.05,1.0, 0->9
521,G521_G529,-3.5,-4.44,-7.93,1.0, 0->9
523,A523_G524,2.51,-0.16,2.34,1.0, 0->9
523,A523_G527,9.72,-5.94,3.77,1.0, 0->9
529,G529_U531,0.03,-0.0,0.03,0.4, 0 2 7 9
519,C519_G521,0.12,-0.29,-0.17,1.0, 0->9
513,C513_G515,-0.25,-0.21,-0.46,1.0, 0->9
520,A520_G537,2.69,-0.2,2.49,1.0, 0->9
505,G505_A523,0.32,-0.02,0.3,0.1, 0
514,C514_G538,-0.31,-3.7,-4.01,1.0, 0->9
522,C522_A523,0.3,-3.8,-3.49,1.0, 0->9
521,G521_C522,-4.37,-5.58,-9.94,1.0, 0->9
506,G506_A535,2.19,-0.24,1.95,0.6, 0->1 3->4 8->9
517,G517_U531,3.7,-2.08,1.62,1.0, 0->9
509,A509_A510,25.64,-5.52,20.12,1.0, 0->9
528,C528_G529,-2.24,-3.77,-6.01,1.0, 0->9
506,G506_U508,1.29,-0.3,0.99,1.0, 0->9
510,A510_G541,0.07,-0.1,-0.02,0.9, 0->3 5->9
517,G517_C519,-0.29,-0.75,-1.03,1.0, 0->9
528,C528_A535,2.1,-0.81,1.3,1.0, 0->9
510,A510_G542,-5.93,-0.37,-6.3,1.0, 0->9
528,C528_A533,6.1,-0.39,5.7,1.0, 0->9
510,A510_G544,1.71,-0.14,1.57,1.0, 0->9
505,G505_C528,1.44,-0.09,1.35,1.0, 0->9
503,C503_U543,2.85,-1.69,1.16,1.0, 0->9
520,A520_G521,4.57,-4.8,-0.23,1.0, 0->9
516,U516_G521,0.08,-0.01,0.07,0.3, 0 6 9
542,G542_G544,0.71,-0.13,0.58,0.5, 5->9
505,G505_A533,1.83,-0.03,1.8,1.0, 0->9
527,G527_A535,-1.71,-1.04,-2.75,1.0, 0->9
516,U516_G529,0.43,-0.04,0.38,1.0, 0->9
505,G505_A535,2.71,-7.49,-4.78,1.0, 0->9
521,G521_C536,1.69,-0.42,1.28,1.0, 0->9
522,C522_G527,-3.06,0.31,-2.75,0.1, 6
540,G540_G541,6.0,-6.81,-0.8,1.0, 0->9
510,A510_U543,4.42,-0.48,3.94,1.0, 0->9
517,G517_C518,0.26,-0.06,0.2,1.0, 0->9
517,G517_A533,2.76,-2.22,0.55,1.0, 0->9
504,C504_A510,1.41,-1.09,0.32,1.0, 0->9
531,U531_A532,1.54,-0.01,1.53,1.0, 0->9
511,C511_U512,0.35,-4.78,-4.43,1.0, 0->9
503,C503_A509,5.61,-0.28,5.33,1.0, 0->9
528,C528_C536,-0.54,-0.12,-0.66,1.0, 0->9
519,C519_C536,0.52,-0.08,0.44,0.5, 0 2->3 5 7
514,C514_G515,-1.84,-4.25,-6.09,1.0, 0->9
514,C514_A539,2.92,-0.33,2.6,1.0, 0->9
516,U516_G537,1.2,-0.26,0.94,1.0, 0->9
508,U508_A509,6.77,-0.67,6.1,1.0, 0->9
515,G515_U516,3.34,-6.06,-2.72,1.0, 0->9
504,C504_A509,1.19,-0.07,1.12,1.0, 0->9
526,C526_G527,0.21,-2.37,-2.17,1.0, 0->9
501,C501_A502,6.23,-2.65,3.58,1.0, 0->9
509,A509_G542,-1.06,-0.16,-1.21,1.0, 0->9
523,A523_C525,-0.25,-0.53,-0.78,1.0, 0->9
509,A509_G544,1.8,-0.45,1.35,1.0, 0->9
503,C503_C545,-0.23,-0.03,-0.25,0.9, 0->7 9
502,A502_C545,2.63,-0.27,2.36,1.0, 0->9
501,C501_C545,7.91,-2.12,5.79,1.0, 0->9
517,G517_A520,1.58,-0.14,1.44,1.0, 0->9
522,C522_G537,0.45,-0.01,0.45,0.5, 1->4 7
506,G506_G527,-0.22,-0.08,-0.3,0.9, 0->1 3->9
511,C511_C513,1.17,-0.19,0.98,1.0, 0->9
506,G506_C526,0.81,-3.07,-2.26,1.0, 0->9
540,G540_G542,0.66,-0.09,0.57,0.3, 2 5->6
503,C503_A510,7.36,-0.61,6.75,1.0, 0->9
504,C504_U543,-0.01,-0.26,-0.28,1.0, 0->9
522,C522_A535,5.18,-0.13,5.06,1.0, 0->9
537,G537_G538,6.8,-6.42,0.38,1.0, 0->9
543,U543_G544,3.21,-4.3,-1.1,1.0, 0->9
505,G505_G527,-1.42,-0.55,-1.97,1.0, 0->9
