nuc,num, 2d-hbonds, 3d-hbonds, Coulomb, Vdw, sum
A502,502,2.0,0.0,18.4,-15.35,3.06
G517,517,0.0,0.0,11.57,-11.33,0.28
G515,515,3.0,0.0,2.13,-19.03,-16.89
A520,520,2.0,2.0,25.88,-12.85,13.03
G538,538,3.0,0.0,13.76,-18.89,-5.13
A523,523,0.0,1.0,23.14,-13.39,9.75
G537,537,3.0,0.0,15.44,-16.95,-1.49
A509,509,0.0,3.0,47.08,-8.53,38.57
G530,530,0.0,0.0,7.96,-6.68,1.26
G500,500,3.0,0.0,-5.62,-5.51,-11.13
G527,527,2.0,3.0,-0.55,-17.38,-17.93
C526,526,3.0,0.0,2.14,-11.09,-8.96
C525,525,4.0,1.0,3.26,-11.56,-8.29
C522,522,2.0,0.0,13.39,-11.79,1.6
G506,506,4.0,0.0,2.52,-15.71,-13.18
C519,519,0.0,1.0,-1.5,-9.31,-10.81
C528,528,3.0,1.0,11.0,-13.82,-2.81
C545,545,3.0,0.0,2.95,-8.85,-5.89
U508,508,0.0,1.0,25.86,-7.43,18.44
G541,541,2.0,0.0,21.89,-19.05,2.84
C501,501,3.0,0.0,7.62,-12.41,-4.78
C503,503,3.0,1.0,26.02,-12.5,13.53
C504,504,2.0,0.0,12.07,-11.42,0.68
C507,507,3.0,0.0,3.32,-11.02,-7.71
G505,505,3.0,0.0,11.7,-13.84,-2.13
A535,535,0.0,4.0,32.94,-10.01,22.94
G521,521,3.0,0.0,2.63,-15.37,-12.73
A533,533,2.0,2.0,29.43,-11.89,17.54
A532,532,0.0,0.0,6.53,-0.02,6.49
G524,524,3.0,0.0,-3.91,-6.25,-10.17
G540,540,3.0,0.0,26.16,-16.1,10.05
U543,543,2.0,2.0,13.58,-14.07,-0.5
G542,542,3.0,0.0,4.16,-18.44,-14.28
G529,529,0.0,3.0,8.07,-19.09,-11.03
G544,544,3.0,0.0,4.2,-16.35,-12.15
A510,510,0.0,1.0,43.04,-7.31,35.73
A539,539,2.0,0.0,27.47,-17.42,10.04
C514,514,3.0,0.0,6.3,-13.43,-7.12
C536,536,3.0,0.0,19.99,-9.56,10.44
U531,531,0.0,0.0,5.98,-2.2,3.77
C518,518,0.0,0.0,12.53,-12.03,0.51
U534,534,0.0,1.0,4.64,-1.29,3.35
C513,513,3.0,0.0,14.35,-11.27,3.08
C511,511,3.0,1.0,-0.92,-10.53,-11.44
U512,512,2.0,0.0,2.13,-9.27,-7.12
U516,516,0.0,2.0,8.79,-16.83,-8.03
